Name,Therapeutic Action,DOI,Chemical Name,title,References
a - 5.mol,Replication and mitosis inhibitors,https://doi.org/10.3109/14756366.2012.720572,Benzothiazole1,a - 5.mol,https://www.tandfonline.com/doi/full/10.3109/14756366.2012.720572
a - 6.mol,Replication and mitosis inhibitors,https://doi.org/10.3109/14756366.2012.720572,Benzothiazole2,a - 6.mol,https://www.tandfonline.com/doi/full/10.3109/14756366.2012.720572
a - 7.mol,Replication and mitosis inhibitors,https://doi.org/10.3109/14756366.2012.720572,Benzothiazole3,a - 7.mol,https://www.tandfonline.com/doi/full/10.3109/14756366.2012.720572
a - 8.mol,Replication and mitosis inhibitors,https://doi.org/10.3109/14756366.2012.720572,Benzothiazole4,a - 8.mol,https://www.tandfonline.com/doi/full/10.3109/14756366.2012.720572
a - 9.mol,Replication and mitosis inhibitors,https://doi.org/10.3109/14756366.2012.720572,Benzothiazole5,a - 9.mol,https://www.tandfonline.com/doi/full/10.3109/14756366.2012.720572
a - 10.mol,Topoisomerase II inhibitor,https://doi.org/10.3109/14756366.2012.720572,Benzothiazole6,a - 10.mol,https://www.tandfonline.com/doi/full/10.3109/14756366.2012.720572
a - 11.mol,Topoisomerase II inhibitor,https://doi.org/10.3109/14756366.2012.720572,Benzothiazole7,a - 11.mol,https://www.tandfonline.com/doi/full/10.3109/14756366.2012.720572
a - 12.mol,Topoisomerase II inhibitor,https://doi.org/10.3109/14756366.2012.720572,Benzothiazole8,a - 12.mol,https://www.tandfonline.com/doi/full/10.3109/14756366.2012.720572
a - 13.mol,Tyrosine kinase inhibitors,https://doi.org/10.3109/14756366.2012.720572,Benzothiazole9,a - 13.mol,https://www.tandfonline.com/doi/full/10.3109/14756366.2012.720572
a - 14.mol,Tyrosine kinase inhibitors,https://doi.org/10.3109/14756366.2012.720572,Benzothiazole10,a - 14.mol,https://www.tandfonline.com/doi/full/10.3109/14756366.2012.720572
a - 15.mol,Tyrosine kinase inhibitors,https://doi.org/10.3109/14756366.2012.720572,Benzothiazole11,a - 15.mol,https://www.tandfonline.com/doi/full/10.3109/14756366.2012.720572
a -16.mol,Tyrosine kinase inhibitors,https://doi.org/10.3109/14756366.2012.720572,Benzothiazole12,a -16.mol,https://www.tandfonline.com/doi/full/10.3109/14756366.2012.720572
a - 17.mol,Tyrosine kinase inhibitors,https://doi.org/10.3109/14756366.2012.720572,Benzothiazole13,a - 17.mol,https://www.tandfonline.com/doi/full/10.3109/14756366.2012.720572
a - 18.mol,Tyrosine kinase inhibitors,https://doi.org/10.3109/14756366.2012.720572,Benzothiazole14,a - 18.mol,https://www.tandfonline.com/doi/full/10.3109/14756366.2012.720572
a - 19.mol,Tyrosine kinase inhibitors,https://doi.org/10.3109/14756366.2012.720572,Benzothiazole15,a - 19.mol,https://www.tandfonline.com/doi/full/10.3109/14756366.2012.720572
a - 20.mol,Tyrosine kinase inhibitors,https://doi.org/10.3109/14756366.2012.720572,Benzothiazole16,a - 20.mol,https://www.tandfonline.com/doi/full/10.3109/14756366.2012.720572
a - 21.mol,Tyrosine kinase inhibitors,https://doi.org/10.3109/14756366.2012.720572,Benzothiazole17,a - 21.mol,https://www.tandfonline.com/doi/full/10.3109/14756366.2012.720572
a - 22.mol,Tyrosine kinase inhibitors,https://doi.org/10.3109/14756366.2012.720572,Benzothiazole18,a - 22.mol,https://www.tandfonline.com/doi/full/10.3109/14756366.2012.720572
a - 23.mol,Tyrosine kinase inhibitors,https://doi.org/10.3109/14756366.2012.720572,Benzothiazole19,a - 23.mol,https://www.tandfonline.com/doi/full/10.3109/14756366.2012.720572
a - 24.mol,Tyrosine kinase inhibitors,https://doi.org/10.3109/14756366.2012.720572,Benzothiazole20,a - 24.mol,https://www.tandfonline.com/doi/full/10.3109/14756366.2012.720572
a - 25.mol,Thioredoxin signaling system inhibitors,https://doi.org/10.3109/14756366.2012.720572,Benzothiazole21,a - 25.mol,https://www.tandfonline.com/doi/full/10.3109/14756366.2012.720572
a - 26.mol,Thioredoxin signaling system inhibitors,https://doi.org/10.3109/14756366.2012.720572,Benzothiazole22,a - 26.mol,https://www.tandfonline.com/doi/full/10.3109/14756366.2012.720572
a - 27.mol,Thioredoxin signaling system inhibitors,https://doi.org/10.3109/14756366.2012.720572,Benzothiazole23,a - 27.mol,https://www.tandfonline.com/doi/full/10.3109/14756366.2012.720572
a - 28.mol,Cytochrome P450 (CYP) inhibitors,https://doi.org/10.3109/14756366.2012.720572,Benzothiazole24,a - 28.mol,https://www.tandfonline.com/doi/full/10.3109/14756366.2012.720572
a - 29.mol,Cytochrome P450 (CYP) inhibitors,https://doi.org/10.3109/14756366.2012.720572,Benzothiazole25,a - 29.mol,https://www.tandfonline.com/doi/full/10.3109/14756366.2012.720572
a - 30.mol,Cytochrome P450 (CYP) inhibitors,https://doi.org/10.3109/14756366.2012.720572,Benzothiazole26,a - 30.mol,https://www.tandfonline.com/doi/full/10.3109/14756366.2012.720572
a - 31.mol,Cytochrome P450 (CYP) inhibitors,https://doi.org/10.3109/14756366.2012.720572,Benzothiazole27,a - 31.mol,https://www.tandfonline.com/doi/full/10.3109/14756366.2012.720572
a - 32.mol,Heat shock protein 90 Inhibitors,https://doi.org/10.3109/14756366.2012.720572,Benzothiazole28,a - 32.mol,https://www.tandfonline.com/doi/full/10.3109/14756366.2012.720572
a - 33.mol,Heat shock protein 90 Inhibitors,https://doi.org/10.3109/14756366.2012.720572,Benzothiazole29,a - 33.mol,https://www.tandfonline.com/doi/full/10.3109/14756366.2012.720572
a - 34.mol,Heat shock protein 90 Inhibitors,https://doi.org/10.3109/14756366.2012.720572,Benzothiazole30,a - 34.mol,https://www.tandfonline.com/doi/full/10.3109/14756366.2012.720572
a - 35.mol,anticancer,https://doi.org/10.3109/14756366.2012.720572,Benzothiazole31,a - 35.mol,https://www.tandfonline.com/doi/full/10.3109/14756366.2012.720572
a - 36.mol,anticancer,https://doi.org/10.3109/14756366.2012.720572,Benzothiazole32,a - 36.mol,https://www.tandfonline.com/doi/full/10.3109/14756366.2012.720572
a - 37.mol,anticancer,https://doi.org/10.3109/14756366.2012.720572,Benzothiazole33,a - 37.mol,https://www.tandfonline.com/doi/full/10.3109/14756366.2012.720572
a - 38.mol,anticancer,https://doi.org/10.3109/14756366.2012.720572,Benzothiazole34,a - 38.mol,https://www.tandfonline.com/doi/full/10.3109/14756366.2012.720572
a - 39.mol,anticancer,https://doi.org/10.3109/14756366.2012.720572,Benzothiazole35,a - 39.mol,https://www.tandfonline.com/doi/full/10.3109/14756366.2012.720572
a - 40.mol,anticancer,https://doi.org/10.3109/14756366.2012.720572,Benzothiazole36,a - 40.mol,https://www.tandfonline.com/doi/full/10.3109/14756366.2012.720572
a - 41.mol,anticancer,https://doi.org/10.3109/14756366.2012.720572,Benzothiazole37,a - 41.mol,https://www.tandfonline.com/doi/full/10.3109/14756366.2012.720572
a - 42.mol,anticancer,https://doi.org/10.3109/14756366.2012.720572,Benzothiazole38,a - 42.mol,https://www.tandfonline.com/doi/full/10.3109/14756366.2012.720572
a - 43.mol,anticancer,https://doi.org/10.3109/14756366.2012.720572,Benzothiazole39,a - 43.mol,https://www.tandfonline.com/doi/full/10.3109/14756366.2012.720572
a - 44.mol,anticancer,https://doi.org/10.3109/14756366.2012.720572,Benzothiazole40,a - 44.mol,https://www.tandfonline.com/doi/full/10.3109/14756366.2012.720572
a - 45.mol,anticancer,https://doi.org/10.3109/14756366.2012.720572,Benzothiazole41,a - 45.mol,https://www.tandfonline.com/doi/full/10.3109/14756366.2012.720572
a - 46.mol,anticancer,https://doi.org/10.3109/14756366.2012.720572,Benzothiazole42,a - 46.mol,https://www.tandfonline.com/doi/full/10.3109/14756366.2012.720572
a - 47.mol,anticancer,https://doi.org/10.3109/14756366.2012.720572,Benzothiazole43,a - 47.mol,https://www.tandfonline.com/doi/full/10.3109/14756366.2012.720572
a - 48.mol,anticancer,https://doi.org/10.3109/14756366.2012.720572,Benzothiazole44,a - 48.mol,https://www.tandfonline.com/doi/full/10.3109/14756366.2012.720572
a - 49.mol,anticancer,https://doi.org/10.3109/14756366.2012.720572,Benzothiazole45,a - 49.mol,https://www.tandfonline.com/doi/full/10.3109/14756366.2012.720572
a - 50.mol,anticancer,https://doi.org/10.3109/14756366.2012.720572,Benzothiazole46,a - 50.mol,https://www.tandfonline.com/doi/full/10.3109/14756366.2012.720572
a - 51.mol,anticancer,https://doi.org/10.3109/14756366.2012.720572,Benzothiazole47,a - 51.mol,https://www.tandfonline.com/doi/full/10.3109/14756366.2012.720572
a - 52.mol,"antimicrobial activity, anticancer",https://doi.org/10.3109/14756366.2012.720572,Benzothiazole48,a - 52.mol,https://www.tandfonline.com/doi/full/10.3109/14756366.2012.720572
a - 53.mol,"antimicrobial activity, anticancer",https://doi.org/10.3109/14756366.2012.720572,Benzothiazole49,a - 53.mol,https://www.tandfonline.com/doi/full/10.3109/14756366.2012.720572
a - 54.mol,antimicrobial activity,https://doi.org/10.3109/14756366.2012.720572,Benzothiazole50,a - 54.mol,https://www.tandfonline.com/doi/full/10.3109/14756366.2012.720572
a - 55.mol,antimicrobial activity,https://doi.org/10.3109/14756366.2012.720572,Benzothiazole51,a - 55.mol,https://www.tandfonline.com/doi/full/10.3109/14756366.2012.720572
a - 56.mol,"antimicrobial activity, anticancer",https://doi.org/10.3109/14756366.2012.720572,Benzothiazole52,a - 56.mol,https://www.tandfonline.com/doi/full/10.3109/14756366.2012.720572
a - 57.mol,"antimicrobial activity, anticancer",https://doi.org/10.3109/14756366.2012.720572,Benzothiazole53,a - 57.mol,https://www.tandfonline.com/doi/full/10.3109/14756366.2012.720572
a - 58.mol,"antimicrobial activity, anticancer",https://doi.org/10.3109/14756366.2012.720572,Benzothiazole54,a - 58.mol,https://www.tandfonline.com/doi/full/10.3109/14756366.2012.720572
a - 59.mol,"antimicrobial activity, anticancer",https://doi.org/10.3109/14756366.2012.720572,Benzothiazole55,a - 59.mol,https://www.tandfonline.com/doi/full/10.3109/14756366.2012.720572
a - 60.mol,antitumor,https://doi.org/10.3109/14756366.2012.720572,Benzothiazole56,a - 60.mol,https://www.tandfonline.com/doi/full/10.3109/14756366.2012.720572
a - 61.mol,anticancer,https://doi.org/10.3109/14756366.2012.720572,Benzothiazole57,a - 61.mol,https://www.tandfonline.com/doi/full/10.3109/14756366.2012.720572
a - 62.mol,anticancer,https://doi.org/10.3109/14756366.2012.720572,Benzothiazole58,a - 62.mol,https://www.tandfonline.com/doi/full/10.3109/14756366.2012.720572
a - 63.mol,anticancer,https://doi.org/10.3109/14756366.2012.720572,Benzothiazole59,a - 63.mol,https://www.tandfonline.com/doi/full/10.3109/14756366.2012.720572
a - 64.mol,Cytotoxicity,https://doi.org/10.3109/14756366.2012.720572,Benzothiazole60,a - 64.mol,https://www.tandfonline.com/doi/full/10.3109/14756366.2012.720572
a - 65.mol,Cytotoxicity,https://doi.org/10.3109/14756366.2012.720572,Benzothiazole61,a - 65.mol,https://www.tandfonline.com/doi/full/10.3109/14756366.2012.720572
a - 66.mol,Cytotoxicity,https://doi.org/10.3109/14756366.2012.720572,Benzothiazole62,a - 66.mol,https://www.tandfonline.com/doi/full/10.3109/14756366.2012.720572
a - 67.mol,Cytotoxicity,https://doi.org/10.3109/14756366.2012.720572,Benzothiazole63,a - 67.mol,https://www.tandfonline.com/doi/full/10.3109/14756366.2012.720572
a - 68.mol,antitumor activity,https://doi.org/10.3109/14756366.2012.720572,Benzothiazole64,a - 68.mol,https://www.tandfonline.com/doi/full/10.3109/14756366.2012.720572
a - 69.mol,antitumor activity,https://doi.org/10.3109/14756366.2012.720572,Benzothiazole65,a - 69.mol,https://www.tandfonline.com/doi/full/10.3109/14756366.2012.720572
a - 70.mol,antitumor activity,https://doi.org/10.3109/14756366.2012.720572,Benzothiazole66,a - 70.mol,https://www.tandfonline.com/doi/full/10.3109/14756366.2012.720572
a - 71.mol,antitumor activity,https://doi.org/10.3109/14756366.2012.720572,Benzothiazole67,a - 71.mol,https://www.tandfonline.com/doi/full/10.3109/14756366.2012.720572
a - 72.mol,antitumor activity,https://doi.org/10.3109/14756366.2012.720572,Benzothiazole68,a - 72.mol,https://www.tandfonline.com/doi/full/10.3109/14756366.2012.720572
a - 73.mol,antitumor activity,https://doi.org/10.3109/14756366.2012.720572,Benzothiazole69,a - 73.mol,https://www.tandfonline.com/doi/full/10.3109/14756366.2012.720572
a - 74.mol,antitumor activity,https://doi.org/10.3109/14756366.2012.720572,Benzothiazole70,a - 74.mol,https://www.tandfonline.com/doi/full/10.3109/14756366.2012.720572
a - 75.mol,antitumor activity,https://doi.org/10.3109/14756366.2012.720572,Benzothiazole71,a - 75.mol,https://www.tandfonline.com/doi/full/10.3109/14756366.2012.720572
a - 76.mol,antitumor activity,https://doi.org/10.3109/14756366.2012.720572,Benzothiazole72,a - 76.mol,https://www.tandfonline.com/doi/full/10.3109/14756366.2012.720572
a - 77.mol,antitumor activity,https://doi.org/10.3109/14756366.2012.720572,Benzothiazole73,a - 77.mol,https://www.tandfonline.com/doi/full/10.3109/14756366.2012.720572
a - 78.mol,antitumor activity,https://doi.org/10.3109/14756366.2012.720572,Benzothiazole74,a - 78.mol,https://www.tandfonline.com/doi/full/10.3109/14756366.2012.720572
a - 79.mol,antitumor activity,https://doi.org/10.3109/14756366.2012.720572,Benzothiazole75,a - 79.mol,https://www.tandfonline.com/doi/full/10.3109/14756366.2012.720572
a - 80.mol,antitumor activity,https://doi.org/10.3109/14756366.2012.720572,Benzothiazole76,a - 80.mol,https://www.tandfonline.com/doi/full/10.3109/14756366.2012.720572
a - 82.mol,antitumor activity,https://doi.org/10.3109/14756366.2012.720572,Benzothiazole77,a - 82.mol,https://www.tandfonline.com/doi/full/10.3109/14756366.2012.720572
a - 83.mol,antitumor activity,https://doi.org/10.3109/14756366.2012.720572,Benzothiazole78,a - 83.mol,https://www.tandfonline.com/doi/full/10.3109/14756366.2012.720572
a - 84.mol,antitumor activity,https://doi.org/10.3109/14756366.2012.720572,Benzothiazole79,a - 84.mol,https://www.tandfonline.com/doi/full/10.3109/14756366.2012.720572
a - 85.mol,antitumor activity,https://doi.org/10.3109/14756366.2012.720572,Benzothiazole80,a - 85.mol,https://www.tandfonline.com/doi/full/10.3109/14756366.2012.720572
a - 89.mol,"Anticancer, cytotoxicity",https://doi.org/10.3109/14756366.2012.720572,Benzothiazole81,a - 89.mol,https://www.tandfonline.com/doi/full/10.3109/14756366.2012.720572
a - 90.mol,"Anticancer,cytotoxicity",https://doi.org/10.3109/14756366.2012.720572,Benzothiazole82,a - 90.mol,https://www.tandfonline.com/doi/full/10.3109/14756366.2012.720572
a - 91.mol,"Anticancer, cytotoxicity",https://doi.org/10.3109/14756366.2012.720572,Benzothiazole83,a - 91.mol,https://www.tandfonline.com/doi/full/10.3109/14756366.2012.720572
a - 92.mol,antitumour,https://doi.org/10.3109/14756366.2012.720572,Benzothiazole84,a - 92.mol,https://www.tandfonline.com/doi/full/10.3109/14756366.2012.720572
a - 93.mol,cytotoxicity,https://doi.org/10.3109/14756366.2012.720572,Benzothiazole85,a - 93.mol,https://www.tandfonline.com/doi/full/10.3109/14756366.2012.720572
a - 94.mol,basal cell carcinoma (BCC) cell apoptosis,https://doi.org/10.3109/14756366.2012.720572,Benzothiazole86,a - 94.mol,https://www.tandfonline.com/doi/full/10.3109/14756366.2012.720572
a - 95.mol,basal cell carcinoma (BCC) cell apoptosis,https://doi.org/10.3109/14756366.2012.720572,Benzothiazole87,a - 95.mol,https://www.tandfonline.com/doi/full/10.3109/14756366.2012.720572
a - 96.mol,basal cell carcinoma (BCC) cell apoptosis,https://doi.org/10.3109/14756366.2012.720572,Benzothiazole88,a - 96.mol,https://www.tandfonline.com/doi/full/10.3109/14756366.2012.720572
a - 97.mol,basal cell carcinoma (BCC) cell apoptosis,https://doi.org/10.3109/14756366.2012.720572,Benzothiazole89,a - 97.mol,https://www.tandfonline.com/doi/full/10.3109/14756366.2012.720572
a - 98.mol,basal cell carcinoma (BCC) cell apoptosis,https://doi.org/10.3109/14756366.2012.720572,Benzothiazole90,a - 98.mol,https://www.tandfonline.com/doi/full/10.3109/14756366.2012.720572
a - 99.mol,basal cell carcinoma (BCC) cell apoptosis,https://doi.org/10.3109/14756366.2012.720572,Benzothiazole91,a - 99.mol,https://www.tandfonline.com/doi/full/10.3109/14756366.2012.720572
a - 100.mol,basal cell carcinoma (BCC) cell apoptosis,https://doi.org/10.3109/14756366.2012.720572,Benzothiazole92,a - 100.mol,https://www.tandfonline.com/doi/full/10.3109/14756366.2012.720572
a - 101.mol,basal cell carcinoma (BCC) cell apoptosis,https://doi.org/10.3109/14756366.2012.720572,Benzothiazole93,a - 101.mol,https://www.tandfonline.com/doi/full/10.3109/14756366.2012.720572
a - 102.mol,basal cell carcinoma (BCC) cell apoptosis,https://doi.org/10.3109/14756366.2012.720572,Benzothiazole94,a - 102.mol,https://www.tandfonline.com/doi/full/10.3109/14756366.2012.720572
a - 103.mol,basal cell carcinoma (BCC) cell apoptosis,https://doi.org/10.3109/14756366.2012.720572,Benzothiazole95,a - 103.mol,https://www.tandfonline.com/doi/full/10.3109/14756366.2012.720572
a - 104.mol,antitumour,https://doi.org/10.3109/14756366.2012.720572,Benzothiazole96,a - 104.mol,https://www.tandfonline.com/doi/full/10.3109/14756366.2012.720572
a - 105.mol,antitumour,https://doi.org/10.3109/14756366.2012.720572,Benzothiazole97,a - 105.mol,https://www.tandfonline.com/doi/full/10.3109/14756366.2012.720572
a - 106.mol,Antimicrobial,https://doi.org/10.3109/14756366.2012.720572,Benzothiazole98,a - 106.mol,https://www.tandfonline.com/doi/full/10.3109/14756366.2012.720572
a - 107.mol,Antimicrobial,https://doi.org/10.3109/14756366.2012.720572,Benzothiazole99,a - 107.mol,https://www.tandfonline.com/doi/full/10.3109/14756366.2012.720572
a - 108.mol,Antimicrobial,https://doi.org/10.3109/14756366.2012.720572,Benzothiazole100,a - 108.mol,https://www.tandfonline.com/doi/full/10.3109/14756366.2012.720572
a - 109.mol,Antimicrobial,https://doi.org/10.3109/14756366.2012.720572,Benzothiazole101,a - 109.mol,https://www.tandfonline.com/doi/full/10.3109/14756366.2012.720572
a - 110.mol,Antimicrobial,https://doi.org/10.3109/14756366.2012.720572,Benzothiazole102,a - 110.mol,https://www.tandfonline.com/doi/full/10.3109/14756366.2012.720572
a - 111.mol,Antimicrobial,https://doi.org/10.3109/14756366.2012.720572,Benzothiazole103,a - 111.mol,https://www.tandfonline.com/doi/full/10.3109/14756366.2012.720572
a - 112.mol,Antimicrobial,https://doi.org/10.3109/14756366.2012.720572,Benzothiazole104,a - 112.mol,https://www.tandfonline.com/doi/full/10.3109/14756366.2012.720572
a - 113.mol,Antimicrobial,https://doi.org/10.3109/14756366.2012.720572,Benzothiazole105,a - 113.mol,https://www.tandfonline.com/doi/full/10.3109/14756366.2012.720572
a - 114.mol,Antimicrobial,https://doi.org/10.3109/14756366.2012.720572,Benzothiazole106,a - 114.mol,https://www.tandfonline.com/doi/full/10.3109/14756366.2012.720572
a - 115.mol,Antimicrobial,https://doi.org/10.3109/14756366.2012.720572,Benzothiazole107,a - 115.mol,https://www.tandfonline.com/doi/full/10.3109/14756366.2012.720572
a - 116.mol,antibacterial,https://doi.org/10.3109/14756366.2012.720572,Benzothiazole108,a - 116.mol,https://www.tandfonline.com/doi/full/10.3109/14756366.2012.720572
a - 117.mol,antibacterial,https://doi.org/10.3109/14756366.2012.720572,Benzothiazole109,a - 117.mol,https://www.tandfonline.com/doi/full/10.3109/14756366.2012.720572
a - 118.mol,antibacterial,https://doi.org/10.3109/14756366.2012.720572,Benzothiazole110,a - 118.mol,https://www.tandfonline.com/doi/full/10.3109/14756366.2012.720572
a - 119.mol,antibacterial,https://doi.org/10.3109/14756366.2012.720572,Benzothiazole111,a - 119.mol,https://www.tandfonline.com/doi/full/10.3109/14756366.2012.720572
a - 120.mol,antibacterial,https://doi.org/10.3109/14756366.2012.720572,Benzothiazole112,a - 120.mol,https://www.tandfonline.com/doi/full/10.3109/14756366.2012.720572
a - 121.mol,antibacterial,https://doi.org/10.3109/14756366.2012.720572,Benzothiazole113,a - 121.mol,https://www.tandfonline.com/doi/full/10.3109/14756366.2012.720572
a - 122.mol,antibacterial,https://doi.org/10.3109/14756366.2012.720572,Benzothiazole114,a - 122.mol,https://www.tandfonline.com/doi/full/10.3109/14756366.2012.720572
a - 123.mol,antibacterial,https://doi.org/10.3109/14756366.2012.720572,Benzothiazole115,a - 123.mol,https://www.tandfonline.com/doi/full/10.3109/14756366.2012.720572
a - 124.mol,Antimicrobial,https://doi.org/10.3109/14756366.2012.720572,Benzothiazole116,a - 124.mol,https://www.tandfonline.com/doi/full/10.3109/14756366.2012.720572
a - 125.mol,Antimicrobial,https://doi.org/10.3109/14756366.2012.720572,Benzothiazole117,a - 125.mol,https://www.tandfonline.com/doi/full/10.3109/14756366.2012.720572
a - 126.mol,Antimicrobial,https://doi.org/10.3109/14756366.2012.720572,Benzothiazole118,a - 126.mol,https://www.tandfonline.com/doi/full/10.3109/14756366.2012.720572
a - 127.mol,Antimicrobial,https://doi.org/10.3109/14756366.2012.720572,Benzothiazole119,a - 127.mol,https://www.tandfonline.com/doi/full/10.3109/14756366.2012.720572
a - 128.mol,"antifungal, antibacterial, acaricidal and antifeedent",https://doi.org/10.3109/14756366.2012.720572,Benzothiazole120,a - 128.mol,https://www.tandfonline.com/doi/full/10.3109/14756366.2012.720572
a - 129.mol,"antifungal, antibacterial, acaricidal and antifeedent",https://doi.org/10.3109/14756366.2012.720572,Benzothiazole121,a - 129.mol,https://www.tandfonline.com/doi/full/10.3109/14756366.2012.720572
a - 130.mol,"antibacterial , antioxidant",https://doi.org/10.3109/14756366.2012.720572,Benzothiazole122,a - 130.mol,https://www.tandfonline.com/doi/full/10.3109/14756366.2012.720572
a - 131.mol,antibacterial,https://doi.org/10.3109/14756366.2012.720572,Benzothiazole123,a - 131.mol,https://www.tandfonline.com/doi/full/10.3109/14756366.2012.720572
a - 132.mol,Antimicrobial,https://doi.org/10.3109/14756366.2012.720572,Benzothiazole124,a - 132.mol,https://www.tandfonline.com/doi/full/10.3109/14756366.2012.720572
a - 133.mol,Antimicrobial,https://doi.org/10.3109/14756366.2012.720572,Benzothiazole125,a - 133.mol,https://www.tandfonline.com/doi/full/10.3109/14756366.2012.720572
a - 134.mol,Antimicrobial,https://doi.org/10.3109/14756366.2012.720572,Benzothiazole126,a - 134.mol,https://www.tandfonline.com/doi/full/10.3109/14756366.2012.720572
a - 135.mol,Antimicrobial,https://doi.org/10.3109/14756366.2012.720572,Benzothiazole127,a - 135.mol,https://www.tandfonline.com/doi/full/10.3109/14756366.2012.720572
a - 136.mol,Antimicrobial,https://doi.org/10.3109/14756366.2012.720572,Benzothiazole128,a - 136.mol,https://www.tandfonline.com/doi/full/10.3109/14756366.2012.720572
a - 137.mol,Antimicrobial,https://doi.org/10.3109/14756366.2012.720572,Benzothiazole129,a - 137.mol,https://www.tandfonline.com/doi/full/10.3109/14756366.2012.720572
a - 138.mol,Antimicrobial,https://doi.org/10.3109/14756366.2012.720572,Benzothiazole130,a - 138.mol,https://www.tandfonline.com/doi/full/10.3109/14756366.2012.720572
a - 139.mol,Antimicrobial,https://doi.org/10.3109/14756366.2012.720572,Benzothiazole131,a - 139.mol,https://www.tandfonline.com/doi/full/10.3109/14756366.2012.720572
a - 140.mol,Antimicrobial,https://doi.org/10.3109/14756366.2012.720572,Benzothiazole132,a - 140.mol,https://www.tandfonline.com/doi/full/10.3109/14756366.2012.720572
a - 141.mol,Antimicrobial,https://doi.org/10.3109/14756366.2012.720572,Benzothiazole133,a - 141.mol,https://www.tandfonline.com/doi/full/10.3109/14756366.2012.720572
a - 142.mol,antifungal,https://doi.org/10.3109/14756366.2012.720572,Benzothiazole134,a - 142.mol,https://www.tandfonline.com/doi/full/10.3109/14756366.2012.720572
a - 143.mol,antifungal,https://doi.org/10.3109/14756366.2012.720572,Benzothiazole135,a - 143.mol,https://www.tandfonline.com/doi/full/10.3109/14756366.2012.720572
a - 144.mol,antifungal,https://doi.org/10.3109/14756366.2012.720572,Benzothiazole136,a - 144.mol,https://www.tandfonline.com/doi/full/10.3109/14756366.2012.720572
a - 145.mol,antifungal,https://doi.org/10.3109/14756366.2012.720572,Benzothiazole137,a - 145.mol,https://www.tandfonline.com/doi/full/10.3109/14756366.2012.720572
a - 146.mol,antifungal,https://doi.org/10.3109/14756366.2012.720572,Benzothiazole138,a - 146.mol,https://www.tandfonline.com/doi/full/10.3109/14756366.2012.720572
a - 147.mol,antifungal,https://doi.org/10.3109/14756366.2012.720572,Benzothiazole139,a - 147.mol,https://www.tandfonline.com/doi/full/10.3109/14756366.2012.720572
a - 148.mol,antifungal,https://doi.org/10.3109/14756366.2012.720572,Benzothiazole140,a - 148.mol,https://www.tandfonline.com/doi/full/10.3109/14756366.2012.720572
a - 156.mol,antibacterial,https://doi.org/10.3109/14756366.2012.720572,Benzothiazole141,a - 156.mol,https://www.tandfonline.com/doi/full/10.3109/14756366.2012.720572
a - 157.mol,antibacterial,https://doi.org/10.3109/14756366.2012.720572,Benzothiazole142,a - 157.mol,https://www.tandfonline.com/doi/full/10.3109/14756366.2012.720572
a - 158.mol,antibacterial,https://doi.org/10.3109/14756366.2012.720572,Benzothiazole143,a - 158.mol,https://www.tandfonline.com/doi/full/10.3109/14756366.2012.720572
a - 159.mol,antibacterial,https://doi.org/10.3109/14756366.2012.720572,Benzothiazole144,a - 159.mol,https://www.tandfonline.com/doi/full/10.3109/14756366.2012.720572
a - 160.mol,antibacterial,https://doi.org/10.3109/14756366.2012.720572,Benzothiazole145,a - 160.mol,https://www.tandfonline.com/doi/full/10.3109/14756366.2012.720572
a - 161.mol,antibacterial,https://doi.org/10.3109/14756366.2012.720572,Benzothiazole146,a - 161.mol,https://www.tandfonline.com/doi/full/10.3109/14756366.2012.720572
a - 162.mol,antibacterial,https://doi.org/10.3109/14756366.2012.720572,Benzothiazole147,a - 162.mol,https://www.tandfonline.com/doi/full/10.3109/14756366.2012.720572
a - 163.mol,antibacterial,https://doi.org/10.3109/14756366.2012.720572,Benzothiazole148,a - 163.mol,https://www.tandfonline.com/doi/full/10.3109/14756366.2012.720572
a - 164.mol,antibacterial,https://doi.org/10.3109/14756366.2012.720572,Benzothiazole149,a - 164.mol,https://www.tandfonline.com/doi/full/10.3109/14756366.2012.720572
a - 165.mol,antibacterial,https://doi.org/10.3109/14756366.2012.720572,Benzothiazole150,a - 165.mol,https://www.tandfonline.com/doi/full/10.3109/14756366.2012.720572
a - 171.mol,antimicrobial,https://doi.org/10.3109/14756366.2012.720572,Benzothiazole151,a - 171.mol,https://www.tandfonline.com/doi/full/10.3109/14756366.2012.720572
a - 172.mol,antimicrobial,https://doi.org/10.3109/14756366.2012.720572,Benzothiazole152,a - 172.mol,https://www.tandfonline.com/doi/full/10.3109/14756366.2012.720572
a - 173.mol,antimicrobial,https://doi.org/10.3109/14756366.2012.720572,Benzothiazole153,a - 173.mol,https://www.tandfonline.com/doi/full/10.3109/14756366.2012.720572
a - 174.mol,antimicrobial,https://doi.org/10.3109/14756366.2012.720572,Benzothiazole154,a - 174.mol,https://www.tandfonline.com/doi/full/10.3109/14756366.2012.720572
a - 175.mol,antimicrobial,https://doi.org/10.3109/14756366.2012.720572,Benzothiazole155,a - 175.mol,https://www.tandfonline.com/doi/full/10.3109/14756366.2012.720572
a - 176.mol,antimicrobial,https://doi.org/10.3109/14756366.2012.720572,Benzothiazole156,a - 176.mol,https://www.tandfonline.com/doi/full/10.3109/14756366.2012.720572
a - 177.mol,antimicrobial,https://doi.org/10.3109/14756366.2012.720572,Benzothiazole157,a - 177.mol,https://www.tandfonline.com/doi/full/10.3109/14756366.2012.720572
a - 178.mol,antimicrobial,https://doi.org/10.3109/14756366.2012.720572,Benzothiazole158,a - 178.mol,https://www.tandfonline.com/doi/full/10.3109/14756366.2012.720572
a - 179.mol,antimicrobial,https://doi.org/10.3109/14756366.2012.720572,Benzothiazole159,a - 179.mol,https://www.tandfonline.com/doi/full/10.3109/14756366.2012.720572
a - 180.mol,antimicrobial,https://doi.org/10.3109/14756366.2012.720572,Benzothiazole160,a - 180.mol,https://www.tandfonline.com/doi/full/10.3109/14756366.2012.720572
a - 181.mol,antimicrobial,https://doi.org/10.3109/14756366.2012.720572,Benzothiazole161,a - 181.mol,https://www.tandfonline.com/doi/full/10.3109/14756366.2012.720572
a - 182.mol,antimicrobial,https://doi.org/10.3109/14756366.2012.720572,Benzothiazole162,a - 182.mol,https://www.tandfonline.com/doi/full/10.3109/14756366.2012.720572
a - 183.mol,antimicrobial,https://doi.org/10.3109/14756366.2012.720572,Benzothiazole163,a - 183.mol,https://www.tandfonline.com/doi/full/10.3109/14756366.2012.720572
a - 184.mol,antimicrobial,https://doi.org/10.3109/14756366.2012.720572,Benzothiazole164,a - 184.mol,https://www.tandfonline.com/doi/full/10.3109/14756366.2012.720572
a - 185.mol,antimicrobial,https://doi.org/10.3109/14756366.2012.720572,Benzothiazole165,a - 185.mol,https://www.tandfonline.com/doi/full/10.3109/14756366.2012.720572
a - 186.mol,antimicrobial,https://doi.org/10.3109/14756366.2012.720572,Benzothiazole166,a - 186.mol,https://www.tandfonline.com/doi/full/10.3109/14756366.2012.720572
a - 187.mol,antibacterial,https://doi.org/10.3109/14756366.2012.720572,Benzothiazole167,a - 187.mol,https://www.tandfonline.com/doi/full/10.3109/14756366.2012.720572
a - 188.mol,antibacterial,https://doi.org/10.3109/14756366.2012.720572,Benzothiazole168,a - 188.mol,https://www.tandfonline.com/doi/full/10.3109/14756366.2012.720572
a - 189.mol,antibacterial,https://doi.org/10.3109/14756366.2012.720572,Benzothiazole169,a - 189.mol,https://www.tandfonline.com/doi/full/10.3109/14756366.2012.720572
a - 190.mol,antimicrobial,https://doi.org/10.3109/14756366.2012.720572,Benzothiazole170,a - 190.mol,https://www.tandfonline.com/doi/full/10.3109/14756366.2012.720572
a - 191.mol,antimicrobial,https://doi.org/10.3109/14756366.2012.720572,Benzothiazole171,a - 191.mol,https://www.tandfonline.com/doi/full/10.3109/14756366.2012.720572
a - 192.mol,antimicrobial,https://doi.org/10.3109/14756366.2012.720572,Benzothiazole172,a - 192.mol,https://www.tandfonline.com/doi/full/10.3109/14756366.2012.720572
a - 193.mol,antimicrobial,https://doi.org/10.3109/14756366.2012.720572,Benzothiazole173,a - 193.mol,https://www.tandfonline.com/doi/full/10.3109/14756366.2012.720572
a - 194.mol,antimicrobial,https://doi.org/10.3109/14756366.2012.720572,Benzothiazole174,a - 194.mol,https://www.tandfonline.com/doi/full/10.3109/14756366.2012.720572
a - 195.mol,antimicrobial,https://doi.org/10.3109/14756366.2012.720572,Benzothiazole175,a - 195.mol,https://www.tandfonline.com/doi/full/10.3109/14756366.2012.720572
a - 196.mol,antimicrobial,https://doi.org/10.3109/14756366.2012.720572,Benzothiazole176,a - 196.mol,https://www.tandfonline.com/doi/full/10.3109/14756366.2012.720572
a - 197.mol,antimicrobial,https://doi.org/10.3109/14756366.2012.720572,Benzothiazole177,a - 197.mol,https://www.tandfonline.com/doi/full/10.3109/14756366.2012.720572
a - 198.mol,antimicrobial,https://doi.org/10.3109/14756366.2012.720572,Benzothiazole178,a - 198.mol,https://www.tandfonline.com/doi/full/10.3109/14756366.2012.720572
a - 199.mol,antimicrobial,https://doi.org/10.3109/14756366.2012.720572,Benzothiazole179,a - 199.mol,https://www.tandfonline.com/doi/full/10.3109/14756366.2012.720572
a - 200.mol,antimicrobial,https://doi.org/10.3109/14756366.2012.720572,Benzothiazole180,a - 200.mol,https://www.tandfonline.com/doi/full/10.3109/14756366.2012.720572
a - 201.mol,antimicrobial,https://doi.org/10.3109/14756366.2012.720572,Benzothiazole181,a - 201.mol,https://www.tandfonline.com/doi/full/10.3109/14756366.2012.720572
a - 202.mol,antimicrobial,https://doi.org/10.3109/14756366.2012.720572,Benzothiazole182,a - 202.mol,https://www.tandfonline.com/doi/full/10.3109/14756366.2012.720572
a - 203.mol,antimicrobial,https://doi.org/10.3109/14756366.2012.720572,Benzothiazole183,a - 203.mol,https://www.tandfonline.com/doi/full/10.3109/14756366.2012.720572
a - 204.mol,antimicrobial,https://doi.org/10.3109/14756366.2012.720572,Benzothiazole184,a - 204.mol,https://www.tandfonline.com/doi/full/10.3109/14756366.2012.720572
a - 205.mol,antimicrobial,https://doi.org/10.3109/14756366.2012.720572,Benzothiazole185,a - 205.mol,https://www.tandfonline.com/doi/full/10.3109/14756366.2012.720572
a - 206.mol,antimicrobial,https://doi.org/10.3109/14756366.2012.720572,Benzothiazole186,a - 206.mol,https://www.tandfonline.com/doi/full/10.3109/14756366.2012.720572
a - 207.mol,antimicrobial,https://doi.org/10.3109/14756366.2012.720572,Benzothiazole187,a - 207.mol,https://www.tandfonline.com/doi/full/10.3109/14756366.2012.720572
a - 208.mol,antimicrobial,https://doi.org/10.3109/14756366.2012.720572,Benzothiazole188,a - 208.mol,https://www.tandfonline.com/doi/full/10.3109/14756366.2012.720572
a - 209.mol,antimicrobial,https://doi.org/10.3109/14756366.2012.720572,Benzothiazole189,a - 209.mol,https://www.tandfonline.com/doi/full/10.3109/14756366.2012.720572
a - 210.mol,antimicrobial,https://doi.org/10.3109/14756366.2012.720572,Benzothiazole190,a - 210.mol,https://www.tandfonline.com/doi/full/10.3109/14756366.2012.720572
a - 211.mol,antimicrobial,https://doi.org/10.3109/14756366.2012.720572,Benzothiazole191,a - 211.mol,https://www.tandfonline.com/doi/full/10.3109/14756366.2012.720572
a - 212.mol,antimicrobial,https://doi.org/10.3109/14756366.2012.720572,Benzothiazole192,a - 212.mol,https://www.tandfonline.com/doi/full/10.3109/14756366.2012.720572
a - 213.mol,antimicrobial,https://doi.org/10.3109/14756366.2012.720572,Benzothiazole193,a - 213.mol,https://www.tandfonline.com/doi/full/10.3109/14756366.2012.720572
a - 214.mol,antimicrobial,https://doi.org/10.3109/14756366.2012.720572,Benzothiazole194,a - 214.mol,https://www.tandfonline.com/doi/full/10.3109/14756366.2012.720572
a - 215.mol,antimicrobial,https://doi.org/10.3109/14756366.2012.720572,Benzothiazole195,a - 215.mol,https://www.tandfonline.com/doi/full/10.3109/14756366.2012.720572
a - 216.mol,antimicrobial,https://doi.org/10.3109/14756366.2012.720572,Benzothiazole196,a - 216.mol,https://www.tandfonline.com/doi/full/10.3109/14756366.2012.720572
a - 217.mol,antimicrobial,https://doi.org/10.3109/14756366.2012.720572,Benzothiazole197,a - 217.mol,https://www.tandfonline.com/doi/full/10.3109/14756366.2012.720572
a - 218.mol,antimicrobial,https://doi.org/10.3109/14756366.2012.720572,Benzothiazole198,a - 218.mol,https://www.tandfonline.com/doi/full/10.3109/14756366.2012.720572
a - 219.mol,antimicrobial,https://doi.org/10.3109/14756366.2012.720572,Benzothiazole199,a - 219.mol,https://www.tandfonline.com/doi/full/10.3109/14756366.2012.720572
a - 220.mol,antimicrobial,https://doi.org/10.3109/14756366.2012.720572,Benzothiazole200,a - 220.mol,https://www.tandfonline.com/doi/full/10.3109/14756366.2012.720572
a - 221.mol,antimicrobial,https://doi.org/10.3109/14756366.2012.720572,Benzothiazole201,a - 221.mol,https://www.tandfonline.com/doi/full/10.3109/14756366.2012.720572
a - 222.mol,antimicrobial,https://doi.org/10.3109/14756366.2012.720572,Benzothiazole202,a - 222.mol,https://www.tandfonline.com/doi/full/10.3109/14756366.2012.720572
a - 223.mol,antibacterial,https://doi.org/10.3109/14756366.2012.720572,Benzothiazole203,a - 223.mol,https://www.tandfonline.com/doi/full/10.3109/14756366.2012.720572
a - 225.mol,antibacterial,https://doi.org/10.3109/14756366.2012.720572,Benzothiazole204,a - 225.mol,https://www.tandfonline.com/doi/full/10.3109/14756366.2012.720572
a - 226.mol,antibacterial,https://doi.org/10.3109/14756366.2012.720572,Benzothiazole205,a - 226.mol,https://www.tandfonline.com/doi/full/10.3109/14756366.2012.720572
a - 227.mol,antibacterial,https://doi.org/10.3109/14756366.2012.720572,Benzothiazole206,a - 227.mol,https://www.tandfonline.com/doi/full/10.3109/14756366.2012.720572
a - 229.mol,antibacterial,https://doi.org/10.3109/14756366.2012.720572,Benzothiazole207,a - 229.mol,https://www.tandfonline.com/doi/full/10.3109/14756366.2012.720572
a - 230.mol,antibacterial,https://doi.org/10.3109/14756366.2012.720572,Benzothiazole208,a - 230.mol,https://www.tandfonline.com/doi/full/10.3109/14756366.2012.720572
a - 231.mol,"antibacterial, antifungal",https://doi.org/10.3109/14756366.2012.720572,Benzothiazole209,a - 231.mol,https://www.tandfonline.com/doi/full/10.3109/14756366.2012.720572
a - 232.mol,"antibacterial, antifungal",https://doi.org/10.3109/14756366.2012.720572,Benzothiazole210,a - 232.mol,https://www.tandfonline.com/doi/full/10.3109/14756366.2012.720572
a - 233.mol,"antibacterial, antifungal",https://doi.org/10.3109/14756366.2012.720572,Benzothiazole211,a - 233.mol,https://www.tandfonline.com/doi/full/10.3109/14756366.2012.720572
a - 234.mol,"antibacterial, antifungal",https://doi.org/10.3109/14756366.2012.720572,Benzothiazole212,a - 234.mol,https://www.tandfonline.com/doi/full/10.3109/14756366.2012.720572
a - 235.mol,"antibacterial, antifungal",https://doi.org/10.3109/14756366.2012.720572,Benzothiazole213,a - 235.mol,https://www.tandfonline.com/doi/full/10.3109/14756366.2012.720572
a - 236.mol,"antibacterial, antifungal",https://doi.org/10.3109/14756366.2012.720572,Benzothiazole214,a - 236.mol,https://www.tandfonline.com/doi/full/10.3109/14756366.2012.720572
a - 238.mol,"antibacterial, antifungal",https://doi.org/10.3109/14756366.2012.720572,Benzothiazole215,a - 238.mol,https://www.tandfonline.com/doi/full/10.3109/14756366.2012.720572
a - 239.mol,"antibacterial, antifungal",https://doi.org/10.3109/14756366.2012.720572,Benzothiazole216,a - 239.mol,https://www.tandfonline.com/doi/full/10.3109/14756366.2012.720572
a - 240.mol,"antibacterial, antifungal",https://doi.org/10.3109/14756366.2012.720572,Benzothiazole217,a - 240.mol,https://www.tandfonline.com/doi/full/10.3109/14756366.2012.720572
a - 241.mol,antifungal,https://doi.org/10.3109/14756366.2012.720572,Benzothiazole218,a - 241.mol,https://www.tandfonline.com/doi/full/10.3109/14756366.2012.720572
a - 242.mol,antifungal,https://doi.org/10.3109/14756366.2012.720572,Benzothiazole219,a - 242.mol,https://www.tandfonline.com/doi/full/10.3109/14756366.2012.720572
a - 243.mol,antifungal,https://doi.org/10.3109/14756366.2012.720572,Benzothiazole220,a - 243.mol,https://www.tandfonline.com/doi/full/10.3109/14756366.2012.720572
a - 244.mol,antifungal,https://doi.org/10.3109/14756366.2012.720572,Benzothiazole221,a - 244.mol,https://www.tandfonline.com/doi/full/10.3109/14756366.2012.720572
a - 245.mol,fungicidal,https://doi.org/10.3109/14756366.2012.720572,Benzothiazole222,a - 245.mol,https://www.tandfonline.com/doi/full/10.3109/14756366.2012.720572
a - 246.mol,fungicidal,https://doi.org/10.3109/14756366.2012.720572,Benzothiazole223,a - 246.mol,https://www.tandfonline.com/doi/full/10.3109/14756366.2012.720572
a - 247.mol,fungicidal,https://doi.org/10.3109/14756366.2012.720572,Benzothiazole224,a - 247.mol,https://www.tandfonline.com/doi/full/10.3109/14756366.2012.720572
a - 248.mol,fungicidal,https://doi.org/10.3109/14756366.2012.720572,Benzothiazole225,a - 248.mol,https://www.tandfonline.com/doi/full/10.3109/14756366.2012.720572
a - 249.mol,fungicidal,https://doi.org/10.3109/14756366.2012.720572,Benzothiazole226,a - 249.mol,https://www.tandfonline.com/doi/full/10.3109/14756366.2012.720572
a - 250.mol,fungicidal,https://doi.org/10.3109/14756366.2012.720572,Benzothiazole227,a - 250.mol,https://www.tandfonline.com/doi/full/10.3109/14756366.2012.720572
a - 251.mol,fungicidal,https://doi.org/10.3109/14756366.2012.720572,Benzothiazole228,a - 251.mol,https://www.tandfonline.com/doi/full/10.3109/14756366.2012.720572
a - 252.mol,fungicidal,https://doi.org/10.3109/14756366.2012.720572,Benzothiazole229,a - 252.mol,https://www.tandfonline.com/doi/full/10.3109/14756366.2012.720572
a - 253.mol,antimicrobial,https://doi.org/10.3109/14756366.2012.720572,Benzothiazole230,a - 253.mol,https://www.tandfonline.com/doi/full/10.3109/14756366.2012.720572
a - 254.mol,antimicrobial,https://doi.org/10.3109/14756366.2012.720572,Benzothiazole231,a - 254.mol,https://www.tandfonline.com/doi/full/10.3109/14756366.2012.720572
a - 255.mol,antimicrobial,https://doi.org/10.3109/14756366.2012.720572,Benzothiazole232,a - 255.mol,https://www.tandfonline.com/doi/full/10.3109/14756366.2012.720572
a - 256.mol,antimicrobial,https://doi.org/10.3109/14756366.2012.720572,Benzothiazole233,a - 256.mol,https://www.tandfonline.com/doi/full/10.3109/14756366.2012.720572
a - 257.mol,antimicrobial,https://doi.org/10.3109/14756366.2012.720572,Benzothiazole234,a - 257.mol,https://www.tandfonline.com/doi/full/10.3109/14756366.2012.720572
a - 258.mol,antimicrobial,https://doi.org/10.3109/14756366.2012.720572,Benzothiazole235,a - 258.mol,https://www.tandfonline.com/doi/full/10.3109/14756366.2012.720572
a - 259.mol,antimicrobial,https://doi.org/10.3109/14756366.2012.720572,Benzothiazole236,a - 259.mol,https://www.tandfonline.com/doi/full/10.3109/14756366.2012.720572
a - 260.mol,antimicrobial,https://doi.org/10.3109/14756366.2012.720572,Benzothiazole237,a - 260.mol,https://www.tandfonline.com/doi/full/10.3109/14756366.2012.720572
a - 261.mol,antimicrobial,https://doi.org/10.3109/14756366.2012.720572,Benzothiazole238,a - 261.mol,https://www.tandfonline.com/doi/full/10.3109/14756366.2012.720572
a - 262.mol,antimicrobial,https://doi.org/10.3109/14756366.2012.720572,Benzothiazole239,a - 262.mol,https://www.tandfonline.com/doi/full/10.3109/14756366.2012.720572
a - 263.mol,antimicrobial,https://doi.org/10.3109/14756366.2012.720572,Benzothiazole240,a - 263.mol,https://www.tandfonline.com/doi/full/10.3109/14756366.2012.720572
a - 264.mol,antibacterial,https://doi.org/10.3109/14756366.2012.720572,Benzothiazole241,a - 264.mol,https://www.tandfonline.com/doi/full/10.3109/14756366.2012.720572
a - 265.mol,antibacterial,https://doi.org/10.3109/14756366.2012.720572,Benzothiazole242,a - 265.mol,https://www.tandfonline.com/doi/full/10.3109/14756366.2012.720572
a - 266.mol,antibacterial,https://doi.org/10.3109/14756366.2012.720572,Benzothiazole243,a - 266.mol,https://www.tandfonline.com/doi/full/10.3109/14756366.2012.720572
a - 267.mol,antibacterial,https://doi.org/10.3109/14756366.2012.720572,Benzothiazole244,a - 267.mol,https://www.tandfonline.com/doi/full/10.3109/14756366.2012.720572
a - 268.mol,antibacterial,https://doi.org/10.3109/14756366.2012.720572,Benzothiazole245,a - 268.mol,https://www.tandfonline.com/doi/full/10.3109/14756366.2012.720572
a - 269.mol,antibacterial,https://doi.org/10.3109/14756366.2012.720572,Benzothiazole246,a - 269.mol,https://www.tandfonline.com/doi/full/10.3109/14756366.2012.720572
a - 270.mol,antibacterial,https://doi.org/10.3109/14756366.2012.720572,Benzothiazole247,a - 270.mol,https://www.tandfonline.com/doi/full/10.3109/14756366.2012.720572
a - 271.mol,antibacterial,https://doi.org/10.3109/14756366.2012.720572,Benzothiazole248,a - 271.mol,https://www.tandfonline.com/doi/full/10.3109/14756366.2012.720572
a - 272.mol,antibacterial,https://doi.org/10.3109/14756366.2012.720572,Benzothiazole249,a - 272.mol,https://www.tandfonline.com/doi/full/10.3109/14756366.2012.720572
a - 273.mol,antibacterial,https://doi.org/10.3109/14756366.2012.720572,Benzothiazole250,a - 273.mol,https://www.tandfonline.com/doi/full/10.3109/14756366.2012.720572
a - 274.mol,antibacterial,https://doi.org/10.3109/14756366.2012.720572,Benzothiazole251,a - 274.mol,https://www.tandfonline.com/doi/full/10.3109/14756366.2012.720572
a - 275.mol,antibacterial,https://doi.org/10.3109/14756366.2012.720572,Benzothiazole252,a - 275.mol,https://www.tandfonline.com/doi/full/10.3109/14756366.2012.720572
a - 276.mol,antibacterial,https://doi.org/10.3109/14756366.2012.720572,Benzothiazole253,a - 276.mol,https://www.tandfonline.com/doi/full/10.3109/14756366.2012.720572
a - 277.mol,antibacterial,https://doi.org/10.3109/14756366.2012.720572,Benzothiazole254,a - 277.mol,https://www.tandfonline.com/doi/full/10.3109/14756366.2012.720572
a - 278.mol,antibacterial,https://doi.org/10.3109/14756366.2012.720572,Benzothiazole255,a - 278.mol,https://www.tandfonline.com/doi/full/10.3109/14756366.2012.720572
a - 279.mol,antibacterial,https://doi.org/10.3109/14756366.2012.720572,Benzothiazole256,a - 279.mol,https://www.tandfonline.com/doi/full/10.3109/14756366.2012.720572
a - 280.mol,antibacterial,https://doi.org/10.3109/14756366.2012.720572,Benzothiazole257,a - 280.mol,https://www.tandfonline.com/doi/full/10.3109/14756366.2012.720572
a - 281.mol,antibacterial,https://doi.org/10.3109/14756366.2012.720572,Benzothiazole258,a - 281.mol,https://www.tandfonline.com/doi/full/10.3109/14756366.2012.720572
a - 282.mol,antifungal,https://doi.org/10.3109/14756366.2012.720572,Benzothiazole259,a - 282.mol,https://www.tandfonline.com/doi/full/10.3109/14756366.2012.720572
a - 283.mol,antifungal,https://doi.org/10.3109/14756366.2012.720572,Benzothiazole260,a - 283.mol,https://www.tandfonline.com/doi/full/10.3109/14756366.2012.720572
a - 284.mol,antifungal,https://doi.org/10.3109/14756366.2012.720572,Benzothiazole261,a - 284.mol,https://www.tandfonline.com/doi/full/10.3109/14756366.2012.720572
a - 285.mol,antifungal,https://doi.org/10.3109/14756366.2012.720572,Benzothiazole262,a - 285.mol,https://www.tandfonline.com/doi/full/10.3109/14756366.2012.720572
a - 286.mol,antifungal,https://doi.org/10.3109/14756366.2012.720572,Benzothiazole263,a - 286.mol,https://www.tandfonline.com/doi/full/10.3109/14756366.2012.720572
a - 287.mol,antifungal,https://doi.org/10.3109/14756366.2012.720572,Benzothiazole264,a - 287.mol,https://www.tandfonline.com/doi/full/10.3109/14756366.2012.720572
a - 289.mol,antifungal,https://doi.org/10.3109/14756366.2012.720572,Benzothiazole265,a - 289.mol,https://www.tandfonline.com/doi/full/10.3109/14756366.2012.720572
a - 290.mol,antifungal,https://doi.org/10.3109/14756366.2012.720572,Benzothiazole266,a - 290.mol,https://www.tandfonline.com/doi/full/10.3109/14756366.2012.720572
a - 291.mol,antibacterial,https://doi.org/10.3109/14756366.2012.720572,Benzothiazole267,a - 291.mol,https://www.tandfonline.com/doi/full/10.3109/14756366.2012.720572
a - 292.mol,antifungal,https://doi.org/10.3109/14756366.2012.720572,Benzothiazole268,a - 292.mol,https://www.tandfonline.com/doi/full/10.3109/14756366.2012.720572
a - 293.mol,antifungal,https://doi.org/10.3109/14756366.2012.720572,Benzothiazole269,a - 293.mol,https://www.tandfonline.com/doi/full/10.3109/14756366.2012.720572
a - 294.mol,antifungal,https://doi.org/10.3109/14756366.2012.720572,Benzothiazole270,a - 294.mol,https://www.tandfonline.com/doi/full/10.3109/14756366.2012.720572
a - 295.mol,antifungal,https://doi.org/10.3109/14756366.2012.720572,Benzothiazole271,a - 295.mol,https://www.tandfonline.com/doi/full/10.3109/14756366.2012.720572
a - 296.mol,"antifungal, anti-inflammatory",https://doi.org/10.3109/14756366.2012.720572,Benzothiazole272,a - 296.mol,https://www.tandfonline.com/doi/full/10.3109/14756366.2012.720572
a - 297.mol,"inhibit HIV-replication ( antiviral), anticancer",https://doi.org/10.3109/14756366.2012.720572,Benzothiazole273,a - 297.mol,https://www.tandfonline.com/doi/full/10.3109/14756366.2012.720572
a - 298.mol,"inhibit HIV-replication ( antiviral), anticancer",https://doi.org/10.3109/14756366.2012.720572,Benzothiazole274,a - 298.mol,https://www.tandfonline.com/doi/full/10.3109/14756366.2012.720572
a - 299.mol,HIV-I reverse transcriptase inhibitor (antiviral),https://doi.org/10.3109/14756366.2012.720572,Benzothiazole275,a - 299.mol,https://www.tandfonline.com/doi/full/10.3109/14756366.2012.720572
a - 307.mol,Antimalarial,https://doi.org/10.3109/14756366.2012.720572,Benzothiazole276,a - 307.mol,https://www.tandfonline.com/doi/full/10.3109/14756366.2012.720572
a - 308.mol,Antimalarial,https://doi.org/10.3109/14756366.2012.720572,Benzothiazole277,a - 308.mol,https://www.tandfonline.com/doi/full/10.3109/14756366.2012.720572
a - 309.mol,Antimalarial,https://doi.org/10.3109/14756366.2012.720572,Benzothiazole278,a - 309.mol,https://www.tandfonline.com/doi/full/10.3109/14756366.2012.720572
a - 310.mol,Antimalarial,https://doi.org/10.3109/14756366.2012.720572,Benzothiazole279,a - 310.mol,https://www.tandfonline.com/doi/full/10.3109/14756366.2012.720572
a - 311.mol,-,https://doi.org/10.3109/14756366.2012.720572,Benzothiazole280,a - 311.mol,https://www.tandfonline.com/doi/full/10.3109/14756366.2012.720572
a - 312.mol,-,https://doi.org/10.3109/14756366.2012.720572,Benzothiazole281,a - 312.mol,https://www.tandfonline.com/doi/full/10.3109/14756366.2012.720572
a - 313.mol,Antimalarial,https://doi.org/10.3109/14756366.2012.720572,Benzothiazole282,a - 313.mol,https://www.tandfonline.com/doi/full/10.3109/14756366.2012.720572
a - 314.mol,Antituberculosis,https://doi.org/10.3109/14756366.2012.720572,Benzothiazole283,a - 314.mol,https://www.tandfonline.com/doi/full/10.3109/14756366.2012.720572
a - 317.mol,Antituberculosis,https://doi.org/10.3109/14756366.2012.720572,Benzothiazole284,a - 317.mol,https://www.tandfonline.com/doi/full/10.3109/14756366.2012.720572
a - 318.mol,Anthelmintic,https://doi.org/10.3109/14756366.2012.720572,Benzothiazole285,a - 318.mol,https://www.tandfonline.com/doi/full/10.3109/14756366.2012.720572
a - 319.mol,Anthelmintic,https://doi.org/10.3109/14756366.2012.720572,Benzothiazole286,a - 319.mol,https://www.tandfonline.com/doi/full/10.3109/14756366.2012.720572
a - 320.mol,Anthelmintic,https://doi.org/10.3109/14756366.2012.720572,Benzothiazole287,a - 320.mol,https://www.tandfonline.com/doi/full/10.3109/14756366.2012.720572
a - 321.mol,Anthelmintic,https://doi.org/10.3109/14756366.2012.720572,Benzothiazole288,a - 321.mol,https://www.tandfonline.com/doi/full/10.3109/14756366.2012.720572
a - 322.mol,Anthelmintic,https://doi.org/10.3109/14756366.2012.720572,Benzothiazole289,a - 322.mol,https://www.tandfonline.com/doi/full/10.3109/14756366.2012.720572
a - 323.mol,Anthelmintic,https://doi.org/10.3109/14756366.2012.720572,Benzothiazole290,a - 323.mol,https://www.tandfonline.com/doi/full/10.3109/14756366.2012.720572
a - 324.mol,Anthelmintic,https://doi.org/10.3109/14756366.2012.720572,Benzothiazole291,a - 324.mol,https://www.tandfonline.com/doi/full/10.3109/14756366.2012.720572
a - 325.mol,Anthelmintic,https://doi.org/10.3109/14756366.2012.720572,Benzothiazole292,a - 325.mol,https://www.tandfonline.com/doi/full/10.3109/14756366.2012.720572
a - 326.mol,Anthelmintic,https://doi.org/10.3109/14756366.2012.720572,Benzothiazole293,a - 326.mol,https://www.tandfonline.com/doi/full/10.3109/14756366.2012.720572
a - 327.mol,Anthelmintic,https://doi.org/10.3109/14756366.2012.720572,Benzothiazole294,a - 327.mol,https://www.tandfonline.com/doi/full/10.3109/14756366.2012.720572
a - 328.mol,Anthelmintic,https://doi.org/10.3109/14756366.2012.720572,Benzothiazole295,a - 328.mol,https://www.tandfonline.com/doi/full/10.3109/14756366.2012.720572
a - 329.mol,Anti-inflammatory,https://doi.org/10.3109/14756366.2012.720572,Benzothiazole296,a - 329.mol,https://www.tandfonline.com/doi/full/10.3109/14756366.2012.720572
a - 330.mol,Anti-inflammatory,https://doi.org/10.3109/14756366.2012.720572,Benzothiazole297,a - 330.mol,https://www.tandfonline.com/doi/full/10.3109/14756366.2012.720572
a - 331.mol,Anti-inflammatory,https://doi.org/10.3109/14756366.2012.720572,Benzothiazole298,a - 331.mol,https://www.tandfonline.com/doi/full/10.3109/14756366.2012.720572
a - 332.mol,Anti-inflammatory,https://doi.org/10.3109/14756366.2012.720572,Benzothiazole299,a - 332.mol,https://www.tandfonline.com/doi/full/10.3109/14756366.2012.720572
a - 333.mol,Anti-inflammatory,https://doi.org/10.3109/14756366.2012.720572,Benzothiazole300,a - 333.mol,https://www.tandfonline.com/doi/full/10.3109/14756366.2012.720572
a - 334.mol,Anti-inflammatory,https://doi.org/10.3109/14756366.2012.720572,Benzothiazole301,a - 334.mol,https://www.tandfonline.com/doi/full/10.3109/14756366.2012.720572
a - 335.mol,Anti-inflammatory,https://doi.org/10.3109/14756366.2012.720572,Benzothiazole302,a - 335.mol,https://www.tandfonline.com/doi/full/10.3109/14756366.2012.720572
a - 336.mol,Anti-inflammatory,https://doi.org/10.3109/14756366.2012.720572,Benzothiazole303,a - 336.mol,https://www.tandfonline.com/doi/full/10.3109/14756366.2012.720572
a - 337.mol,Anti-inflammatory,https://doi.org/10.3109/14756366.2012.720572,Benzothiazole304,a - 337.mol,https://www.tandfonline.com/doi/full/10.3109/14756366.2012.720572
a - 338.mol,Anti-inflammatory,https://doi.org/10.3109/14756366.2012.720572,Benzothiazole305,a - 338.mol,https://www.tandfonline.com/doi/full/10.3109/14756366.2012.720572
a - 339.mol,Anti-inflammatory,https://doi.org/10.3109/14756366.2012.720572,Benzothiazole306,a - 339.mol,https://www.tandfonline.com/doi/full/10.3109/14756366.2012.720572
a - 340.mol,Anti-inflammatory,https://doi.org/10.3109/14756366.2012.720572,Benzothiazole307,a - 340.mol,https://www.tandfonline.com/doi/full/10.3109/14756366.2012.720572
a - 341.mol,Anti-inflammatory,https://doi.org/10.3109/14756366.2012.720572,Benzothiazole308,a - 341.mol,https://www.tandfonline.com/doi/full/10.3109/14756366.2012.720572
a - 342.mol,Anti-inflammatory,https://doi.org/10.3109/14756366.2012.720572,Benzothiazole309,a - 342.mol,https://www.tandfonline.com/doi/full/10.3109/14756366.2012.720572
a - 343.mol,Anti-inflammatory,https://doi.org/10.3109/14756366.2012.720572,Benzothiazole310,a - 343.mol,https://www.tandfonline.com/doi/full/10.3109/14756366.2012.720572
a - 344.mol,Anti-inflammatory,https://doi.org/10.3109/14756366.2012.720572,Benzothiazole311,a - 344.mol,https://www.tandfonline.com/doi/full/10.3109/14756366.2012.720572
a - 345.mol,Anti-inflammatory,https://doi.org/10.3109/14756366.2012.720572,Benzothiazole312,a - 345.mol,https://www.tandfonline.com/doi/full/10.3109/14756366.2012.720572
a - 346.mol,Anti-inflammatory,https://doi.org/10.3109/14756366.2012.720572,Benzothiazole313,a - 346.mol,https://www.tandfonline.com/doi/full/10.3109/14756366.2012.720572
a - 347.mol,Anti-inflammatory,https://doi.org/10.3109/14756366.2012.720572,Benzothiazole314,a - 347.mol,https://www.tandfonline.com/doi/full/10.3109/14756366.2012.720572
a - 361.mol,Anticonvulsant,https://doi.org/10.3109/14756366.2012.720572,Benzothiazole315,a - 361.mol,https://www.tandfonline.com/doi/full/10.3109/14756366.2012.720572
a - 362.mol,Anticonvulsant,https://doi.org/10.3109/14756366.2012.720572,Benzothiazole316,a - 362.mol,https://www.tandfonline.com/doi/full/10.3109/14756366.2012.720572
a - 363.mol,Anticonvulsant,https://doi.org/10.3109/14756366.2012.720572,Benzothiazole317,a - 363.mol,https://www.tandfonline.com/doi/full/10.3109/14756366.2012.720572
a - 364.mol,Anticonvulsant,https://doi.org/10.3109/14756366.2012.720572,Benzothiazole318,a - 364.mol,https://www.tandfonline.com/doi/full/10.3109/14756366.2012.720572
a - 365.mol,antidiabetic,https://doi.org/10.3109/14756366.2012.720572,Benzothiazole319,a - 365.mol,https://www.tandfonline.com/doi/full/10.3109/14756366.2012.720572
a - 366.mol,antidiabetic,https://doi.org/10.3109/14756366.2012.720572,Benzothiazole320,a - 366.mol,https://www.tandfonline.com/doi/full/10.3109/14756366.2012.720572
a - 367.mol,antidiabetic,https://doi.org/10.3109/14756366.2012.720572,Benzothiazole321,a - 367.mol,https://www.tandfonline.com/doi/full/10.3109/14756366.2012.720572
a - 368.mol,antidiabetic,https://doi.org/10.3109/14756366.2012.720572,Benzothiazole322,a - 368.mol,https://www.tandfonline.com/doi/full/10.3109/14756366.2012.720572
a - 369.mol,antidiabetic,https://doi.org/10.3109/14756366.2012.720572,Benzothiazole323,a - 369.mol,https://www.tandfonline.com/doi/full/10.3109/14756366.2012.720572
a - 370.mol,antidiabetic,https://doi.org/10.3109/14756366.2012.720572,Benzothiazole324,a - 370.mol,https://www.tandfonline.com/doi/full/10.3109/14756366.2012.720572
a - 371.mol,c-jun N-terminal kinase inhibitor,https://doi.org/10.3109/14756366.2012.720572,Benzothiazole325,a - 371.mol,https://www.tandfonline.com/doi/full/10.3109/14756366.2012.720572
a - 372.mol,c-jun N-terminal kinase inhibitor,https://doi.org/10.3109/14756366.2012.720572,Benzothiazole326,a - 372.mol,https://www.tandfonline.com/doi/full/10.3109/14756366.2012.720572
a - 375.mol,c-jun N-terminal kinase inhibitor,https://doi.org/10.3109/14756366.2012.720572,Benzothiazole327,a - 375.mol,https://www.tandfonline.com/doi/full/10.3109/14756366.2012.720572
a - 376.mol, aldose reductase inhibitor,https://doi.org/10.3109/14756366.2012.720572,Benzothiazole328,a - 376.mol,https://www.tandfonline.com/doi/full/10.3109/14756366.2012.720572
a - 377.mol,11??-hydroxysteroid dehydrogenase type 1 inhibitor,https://doi.org/10.3109/14756366.2012.720572,Benzothiazole329,a - 377.mol,https://www.tandfonline.com/doi/full/10.3109/14756366.2012.720572
a - 378.mol,11??-hydroxysteroid dehydrogenase type 1 inhibitor,https://doi.org/10.3109/14756366.2012.720572,Benzothiazole330,a - 378.mol,https://www.tandfonline.com/doi/full/10.3109/14756366.2012.720572
a - 379.mol,antidiuretic,https://doi.org/10.3109/14756366.2012.720572,Benzothiazole331,a - 379.mol,https://www.tandfonline.com/doi/full/10.3109/14756366.2012.720572
a - 380.mol,coronary vasodilatory activity,https://doi.org/10.3109/14756366.2012.720572,Benzothiazole332,a - 380.mol,https://www.tandfonline.com/doi/full/10.3109/14756366.2012.720572
a - 381.mol,coronary vasodilatory activity,https://doi.org/10.3109/14756366.2012.720572,Benzothiazole333,a - 381.mol,https://www.tandfonline.com/doi/full/10.3109/14756366.2012.720572
a - 382.mol,coronary vasodilatory activity,https://doi.org/10.3109/14756366.2012.720572,Benzothiazole334,a - 382.mol,https://www.tandfonline.com/doi/full/10.3109/14756366.2012.720572
a - 383.mol,coronary vasodilatory activity,https://doi.org/10.3109/14756366.2012.720572,Benzothiazole335,a - 383.mol,https://www.tandfonline.com/doi/full/10.3109/14756366.2012.720572
a - 384.mol,coronary vasodilatory activity,https://doi.org/10.3109/14756366.2012.720572,Benzothiazole336,a - 384.mol,https://www.tandfonline.com/doi/full/10.3109/14756366.2012.720572
a - 385.mol,coronary vasodilatory activity,https://doi.org/10.3109/14756366.2012.720572,Benzothiazole337,a - 385.mol,https://www.tandfonline.com/doi/full/10.3109/14756366.2012.720572
a - 386.mol,microsomal triglyceride transfer protein inhibitors,https://doi.org/10.3109/14756366.2012.720572,Benzothiazole338,a - 386.mol,https://www.tandfonline.com/doi/full/10.3109/14756366.2012.720572
a - 387.mol,Antioxidant,https://doi.org/10.3109/14756366.2012.720572,Benzothiazole339,a - 387.mol,https://www.tandfonline.com/doi/full/10.3109/14756366.2012.720572
a - 388.mol,Antioxidant,https://doi.org/10.3109/14756366.2012.720572,Benzothiazole340,a - 388.mol,https://www.tandfonline.com/doi/full/10.3109/14756366.2012.720572
a - 389.mol,Antioxidant,https://doi.org/10.3109/14756366.2012.720572,Benzothiazole341,a - 389.mol,https://www.tandfonline.com/doi/full/10.3109/14756366.2012.720572
a - 390.mol,Antioxidant,https://doi.org/10.3109/14756366.2012.720572,Benzothiazole342,a - 390.mol,https://www.tandfonline.com/doi/full/10.3109/14756366.2012.720572
a - 391.mol,Antioxidant,https://doi.org/10.3109/14756366.2012.720572,Benzothiazole343,a - 391.mol,https://www.tandfonline.com/doi/full/10.3109/14756366.2012.720572
a - 392.mol,Antioxidant,https://doi.org/10.3109/14756366.2012.720572,Benzothiazole344,a - 392.mol,https://www.tandfonline.com/doi/full/10.3109/14756366.2012.720572
a - 393.mol,Antioxidant,https://doi.org/10.3109/14756366.2012.720572,Benzothiazole345,a - 393.mol,https://www.tandfonline.com/doi/full/10.3109/14756366.2012.720572
a - 394.mol,Antioxidant,https://doi.org/10.3109/14756366.2012.720572,Benzothiazole346,a - 394.mol,https://www.tandfonline.com/doi/full/10.3109/14756366.2012.720572
a - 395.mol,Antioxidant,https://doi.org/10.3109/14756366.2012.720572,Benzothiazole347,a - 395.mol,https://www.tandfonline.com/doi/full/10.3109/14756366.2012.720572
a - 396.mol,tryptase inhibitor,https://doi.org/10.3109/14756366.2012.720572,Benzothiazole348,a - 396.mol,https://www.tandfonline.com/doi/full/10.3109/14756366.2012.720572
a - 397.mol,phosphodiesterase inhibitor,https://doi.org/10.3109/14756366.2012.720572,Benzothiazole349,a - 397.mol,https://www.tandfonline.com/doi/full/10.3109/14756366.2012.720572
a - 398.mol,phosphodiesterase inhibitor,https://doi.org/10.3109/14756366.2012.720572,Benzothiazole350,a - 398.mol,https://www.tandfonline.com/doi/full/10.3109/14756366.2012.720572
a - 399.mol,Antiallergic,https://doi.org/10.3109/14756366.2012.720572,Benzothiazole351,a - 399.mol,https://www.tandfonline.com/doi/full/10.3109/14756366.2012.720572
a - 400.mol,Antiallergic,https://doi.org/10.3109/14756366.2012.720572,Benzothiazole352,a - 400.mol,https://www.tandfonline.com/doi/full/10.3109/14756366.2012.720572
a - 401.mol,Antiallergic,https://doi.org/10.3109/14756366.2012.720572,Benzothiazole353,a - 401.mol,https://www.tandfonline.com/doi/full/10.3109/14756366.2012.720572
a - 402.mol,anti Alzheimer??s,https://doi.org/10.3109/14756366.2012.720572,Benzothiazole354,a - 402.mol,https://www.tandfonline.com/doi/full/10.3109/14756366.2012.720572
a - 403.mol,anti Alzheimer??s,https://doi.org/10.3109/14756366.2012.720572,Benzothiazole355,a - 403.mol,https://www.tandfonline.com/doi/full/10.3109/14756366.2012.720572
1a,Anticancer,10.1080/14756366.2019.1698036,Benzothiazole356,1a,https://www.tandfonline.com/doi/full/10.1080/14756366.2019.1698036
1,Anticancer,10.1080/14756366.2019.1698036,Benzothiazole357,1,https://www.tandfonline.com/doi/full/10.1080/14756366.2019.1698036
3,Anticancer,10.1080/14756366.2019.1698036,Benzothiazole358,3,https://www.tandfonline.com/doi/full/10.1080/14756366.2019.1698036
4,Anticancer,10.1080/14756366.2019.1698036,Benzothiazole359,4,https://www.tandfonline.com/doi/full/10.1080/14756366.2019.1698036
5,Anticancer,10.1080/14756366.2019.1698036,Benzothiazole360,5,https://www.tandfonline.com/doi/full/10.1080/14756366.2019.1698036
6,Anticancer,10.1080/14756366.2019.1698036,Benzothiazole361,6,https://www.tandfonline.com/doi/full/10.1080/14756366.2019.1698036
7,Anticancer,10.1080/14756366.2019.1698036,Benzothiazole362,7,https://www.tandfonline.com/doi/full/10.1080/14756366.2019.1698036
8,Anticancer,10.1080/14756366.2019.1698036,Benzothiazole363,8,https://www.tandfonline.com/doi/full/10.1080/14756366.2019.1698036
9,Anticancer,10.1080/14756366.2019.1698036,Benzothiazole364,9,https://www.tandfonline.com/doi/full/10.1080/14756366.2019.1698036
10,Anticancer,10.1080/14756366.2019.1698036,Benzothiazole365,10,https://www.tandfonline.com/doi/full/10.1080/14756366.2019.1698036
11,Anticancer,10.1080/14756366.2019.1698036,Benzothiazole366,11,https://www.tandfonline.com/doi/full/10.1080/14756366.2019.1698036
12,Anticancer,10.1080/14756366.2019.1698036,Benzothiazole367,12,https://www.tandfonline.com/doi/full/10.1080/14756366.2019.1698036
13,Anticancer,10.1080/14756366.2019.1698036,Benzothiazole368,13,https://www.tandfonline.com/doi/full/10.1080/14756366.2019.1698036
14,Anticancer,10.1080/14756366.2019.1698036,Benzothiazole369,14,https://www.tandfonline.com/doi/full/10.1080/14756366.2019.1698036
15,Anticancer,10.1080/14756366.2019.1698036,Benzothiazole370,15,https://www.tandfonline.com/doi/full/10.1080/14756366.2019.1698036
17,Anticancer,10.1080/14756366.2019.1698036,Benzothiazole371,17,https://www.tandfonline.com/doi/full/10.1080/14756366.2019.1698036
19,Anticancer,10.1080/14756366.2019.1698036,Benzothiazole372,19,https://www.tandfonline.com/doi/full/10.1080/14756366.2019.1698036
20,Anticancer,10.1080/14756366.2019.1698036,Benzothiazole373,20,https://www.tandfonline.com/doi/full/10.1080/14756366.2019.1698036
21,Anticancer,10.1080/14756366.2019.1698036,Benzothiazole374,21,https://www.tandfonline.com/doi/full/10.1080/14756366.2019.1698036
22,Anticancer,10.1080/14756366.2019.1698036,Benzothiazole375,22,https://www.tandfonline.com/doi/full/10.1080/14756366.2019.1698036
23,Anticancer,10.1080/14756366.2019.1698036,Benzothiazole376,23,https://www.tandfonline.com/doi/full/10.1080/14756366.2019.1698036
24,Anticancer,10.1080/14756366.2019.1698036,Benzothiazole377,24,https://www.tandfonline.com/doi/full/10.1080/14756366.2019.1698036
27,Anticancer,10.1080/14756366.2019.1698036,Benzothiazole378,27,https://www.tandfonline.com/doi/full/10.1080/14756366.2019.1698036
28,Anticancer,10.1080/14756366.2019.1698036,Benzothiazole379,28,https://www.tandfonline.com/doi/full/10.1080/14756366.2019.1698036
29,Anticancer,10.1080/14756366.2019.1698036,Benzothiazole380,29,https://www.tandfonline.com/doi/full/10.1080/14756366.2019.1698036
30,Anticancer,10.1080/14756366.2019.1698036,Benzothiazole381,30,https://www.tandfonline.com/doi/full/10.1080/14756366.2019.1698036
31,Anticancer,10.1080/14756366.2019.1698036,Benzothiazole382,31,https://www.tandfonline.com/doi/full/10.1080/14756366.2019.1698036
32,Anticancer,10.1080/14756366.2019.1698036,Benzothiazole383,32,https://www.tandfonline.com/doi/full/10.1080/14756366.2019.1698036
33,Anticancer,10.1080/14756366.2019.1698036,Benzothiazole384,33,https://www.tandfonline.com/doi/full/10.1080/14756366.2019.1698036
34,Anticancer,10.1080/14756366.2019.1698036,Benzothiazole385,34,https://www.tandfonline.com/doi/full/10.1080/14756366.2019.1698036
35,Anticancer,10.1080/14756366.2019.1698036,Benzothiazole386,35,https://www.tandfonline.com/doi/full/10.1080/14756366.2019.1698036
36,Anticancer,10.1080/14756366.2019.1698036,Benzothiazole387,36,https://www.tandfonline.com/doi/full/10.1080/14756366.2019.1698036
37,Anticancer,10.1080/14756366.2019.1698036,Benzothiazole388,37,https://www.tandfonline.com/doi/full/10.1080/14756366.2019.1698036
38,Anticancer,10.1080/14756366.2019.1698036,Benzothiazole389,38,https://www.tandfonline.com/doi/full/10.1080/14756366.2019.1698036
39,Anticancer,10.1080/14756366.2019.1698036,Benzothiazole390,39,https://www.tandfonline.com/doi/full/10.1080/14756366.2019.1698036
40,Anticancer,10.1080/14756366.2019.1698036,Benzothiazole391,40,https://www.tandfonline.com/doi/full/10.1080/14756366.2019.1698036
41,Anticancer,10.1080/14756366.2019.1698036,Benzothiazole392,41,https://www.tandfonline.com/doi/full/10.1080/14756366.2019.1698036
42,Anticancer,10.1080/14756366.2019.1698036,Benzothiazole393,42,https://www.tandfonline.com/doi/full/10.1080/14756366.2019.1698036
43,Anticancer,10.1080/14756366.2019.1698036,Benzothiazole394,43,https://www.tandfonline.com/doi/full/10.1080/14756366.2019.1698036
44,Anticancer,10.1080/14756366.2019.1698036,Benzothiazole395,44,https://www.tandfonline.com/doi/full/10.1080/14756366.2019.1698036
45,Anticancer,10.1080/14756366.2019.1698036,Benzothiazole396,45,https://www.tandfonline.com/doi/full/10.1080/14756366.2019.1698036
46,Anticancer,10.1080/14756366.2019.1698036,Benzothiazole397,46,https://www.tandfonline.com/doi/full/10.1080/14756366.2019.1698036
47,Anticancer,10.1080/14756366.2019.1698036,Benzothiazole398,47,https://www.tandfonline.com/doi/full/10.1080/14756366.2019.1698036
48,Anticancer,10.1080/14756366.2019.1698036,Benzothiazole399,48,https://www.tandfonline.com/doi/full/10.1080/14756366.2019.1698036
49,Anticancer,10.1080/14756366.2019.1698036,Benzothiazole400,49,https://www.tandfonline.com/doi/full/10.1080/14756366.2019.1698036
50,Anticancer,10.1080/14756366.2019.1698036,Benzothiazole401,50,https://www.tandfonline.com/doi/full/10.1080/14756366.2019.1698036
51,Anticancer,10.1080/14756366.2019.1698036,Benzothiazole402,51,https://www.tandfonline.com/doi/full/10.1080/14756366.2019.1698036
52,Anticancer,10.1080/14756366.2019.1698036,Benzothiazole403,52,https://www.tandfonline.com/doi/full/10.1080/14756366.2019.1698036
53,Anticancer,10.1080/14756366.2019.1698036,Benzothiazole404,53,https://www.tandfonline.com/doi/full/10.1080/14756366.2019.1698036
54,Anticancer,10.1080/14756366.2019.1698036,Benzothiazole405,54,https://www.tandfonline.com/doi/full/10.1080/14756366.2019.1698036
55,Anticancer,10.1080/14756366.2019.1698036,Benzothiazole406,55,https://www.tandfonline.com/doi/full/10.1080/14756366.2019.1698036
56,Anticancer,10.1080/14756366.2019.1698036,Benzothiazole407,56,https://www.tandfonline.com/doi/full/10.1080/14756366.2019.1698036
57,Anticancer,10.1080/14756366.2019.1698036,Benzothiazole408,57,https://www.tandfonline.com/doi/full/10.1080/14756366.2019.1698036
58,Anticancer,10.1080/14756366.2019.1698036,Benzothiazole409,58,https://www.tandfonline.com/doi/full/10.1080/14756366.2019.1698036
59,Anticancer,10.1080/14756366.2019.1698036,Benzothiazole410,59,https://www.tandfonline.com/doi/full/10.1080/14756366.2019.1698036
61,Anticancer,10.1080/14756366.2019.1698036,Benzothiazole411,61,https://www.tandfonline.com/doi/full/10.1080/14756366.2019.1698036
62,Anticancer,10.1080/14756366.2019.1698036,Benzothiazole412,62,https://www.tandfonline.com/doi/full/10.1080/14756366.2019.1698036
63,Anticancer,10.1080/14756366.2019.1698036,Benzothiazole413,63,https://www.tandfonline.com/doi/full/10.1080/14756366.2019.1698036
64,Anticancer,10.1080/14756366.2019.1698036,Benzothiazole414,64,https://www.tandfonline.com/doi/full/10.1080/14756366.2019.1698036
65,Anticancer,10.1080/14756366.2019.1698036,Benzothiazole415,65,https://www.tandfonline.com/doi/full/10.1080/14756366.2019.1698036
66,Anticancer,10.1080/14756366.2019.1698036,Benzothiazole416,66,https://www.tandfonline.com/doi/full/10.1080/14756366.2019.1698036
67,Anticancer,10.1080/14756366.2019.1698036,Benzothiazole417,67,https://www.tandfonline.com/doi/full/10.1080/14756366.2019.1698036
68,Anticancer,10.1080/14756366.2019.1698036,Benzothiazole418,68,https://www.tandfonline.com/doi/full/10.1080/14756366.2019.1698036
69,Anticancer,10.1080/14756366.2019.1698036,Benzothiazole419,69,https://www.tandfonline.com/doi/full/10.1080/14756366.2019.1698036
70,Anticancer,10.1080/14756366.2019.1698036,Benzothiazole420,70,https://www.tandfonline.com/doi/full/10.1080/14756366.2019.1698036
71,Anticancer,10.1080/14756366.2019.1698036,Benzothiazole421,71,https://www.tandfonline.com/doi/full/10.1080/14756366.2019.1698036
72,Anticancer,10.1080/14756366.2019.1698036,Benzothiazole422,72,https://www.tandfonline.com/doi/full/10.1080/14756366.2019.1698036
73,Anticancer,10.1080/14756366.2019.1698036,Benzothiazole423,73,https://www.tandfonline.com/doi/full/10.1080/14756366.2019.1698036
74,Anticancer,10.1080/14756366.2019.1698036,Benzothiazole424,74,https://www.tandfonline.com/doi/full/10.1080/14756366.2019.1698036
75,Anticancer,10.1080/14756366.2019.1698036,Benzothiazole425,75,https://www.tandfonline.com/doi/full/10.1080/14756366.2019.1698036
76,Anticancer,10.1080/14756366.2019.1698036,Benzothiazole426,76,https://www.tandfonline.com/doi/full/10.1080/14756366.2019.1698036
Riluzole,amyotrophic lateral sclerosis,10.1080/14756366.2019.1698036,Benzothiazole427,Riluzole,https://www.tandfonline.com/doi/full/10.1080/14756366.2019.1698036
1b,Antiviral,10.3390/ECMS2021-10839,Benzothiazole428,1b,https://www.mdpi.com/2673-9992/7/1/9
2b,Antiviral,10.3390/ECMS2021-10839,Benzothiazole429,2b,https://www.mdpi.com/2673-9992/7/1/9
3b,Antiviral,10.3390/ECMS2021-10839,Benzothiazole430,3b,https://www.mdpi.com/2673-9992/7/1/9
5b,Antiviral,10.3390/ECMS2021-10839,Benzothiazole431,5b,https://www.mdpi.com/2673-9992/7/1/9
6b,Antiviral,10.3390/ECMS2021-10839,Benzothiazole432,6b,https://www.mdpi.com/2673-9992/7/1/9
7b,Antiviral,10.3390/ECMS2021-10839,Benzothiazole433,7b,https://www.mdpi.com/2673-9992/7/1/9
8b,Antiviral,10.3390/ECMS2021-10839,Benzothiazole434,8b,https://www.mdpi.com/2673-9992/7/1/9
9b,Antiviral,10.3390/ECMS2021-10839,Benzothiazole435,9b,https://www.mdpi.com/2673-9992/7/1/9
10b,Antiviral,10.3390/ECMS2021-10839,Benzothiazole436,10b,https://www.mdpi.com/2673-9992/7/1/9
11b,Antiviral,10.3390/ECMS2021-10839,Benzothiazole437,11b,https://www.mdpi.com/2673-9992/7/1/9
RSC - 4a.mol,"AChE Inhibitors,  Alzheimer's disease",DOI: 10.1039/d2ra03803j,Benzothiazole438,RSC - 4a.mol,https://pubs.rsc.org/en/content/articlelanding/2022/ra/d2ra03803j
RSC - 4b.mol,"AChE Inhibitors,  Alzheimer's disease",DOI: 10.1039/d2ra03803j,Benzothiazole439,RSC - 4b.mol,https://pubs.rsc.org/en/content/articlelanding/2022/ra/d2ra03803j
RSC - 4c.mol,"AChE Inhibitors,  Alzheimer's disease",DOI: 10.1039/d2ra03803j,Benzothiazole440,RSC - 4c.mol,https://pubs.rsc.org/en/content/articlelanding/2022/ra/d2ra03803j
RSC - 4d.mol,"AChE Inhibitors,  Alzheimer's disease",DOI: 10.1039/d2ra03803j,Benzothiazole441,RSC - 4d.mol,https://pubs.rsc.org/en/content/articlelanding/2022/ra/d2ra03803j
RSC - 4e.mol,"AChE Inhibitors,  Alzheimer's disease",DOI: 10.1039/d2ra03803j,Benzothiazole442,RSC - 4e.mol,https://pubs.rsc.org/en/content/articlelanding/2022/ra/d2ra03803j
RSC - 4f.mol,"AChE Inhibitors,  Alzheimer's disease",DOI: 10.1039/d2ra03803j,Benzothiazole443,RSC - 4f.mol,https://pubs.rsc.org/en/content/articlelanding/2022/ra/d2ra03803j
RSC - 4g.mol,"AChE Inhibitors,  Alzheimer's disease",DOI: 10.1039/d2ra03803j,Benzothiazole444,RSC - 4g.mol,https://pubs.rsc.org/en/content/articlelanding/2022/ra/d2ra03803j
RSC - 4h.mol,"AChE Inhibitors,  Alzheimer's disease",DOI: 10.1039/d2ra03803j,Benzothiazole445,RSC - 4h.mol,https://pubs.rsc.org/en/content/articlelanding/2022/ra/d2ra03803j
RSC - 4i.mol,"AChE Inhibitors,  Alzheimer's disease",DOI: 10.1039/d2ra03803j,Benzothiazole446,RSC - 4i.mol,https://pubs.rsc.org/en/content/articlelanding/2022/ra/d2ra03803j
RSC - 4j.mol,"AChE Inhibitors,  Alzheimer's disease",DOI: 10.1039/d2ra03803j,Benzothiazole447,RSC - 4j.mol,https://pubs.rsc.org/en/content/articlelanding/2022/ra/d2ra03803j
RSC - 4k.mol,"AChE Inhibitors,  Alzheimer's disease",DOI: 10.1039/d2ra03803j,Benzothiazole448,RSC - 4k.mol,https://pubs.rsc.org/en/content/articlelanding/2022/ra/d2ra03803j
RSC - 4l.mol,"AChE Inhibitors,  Alzheimer's disease",DOI: 10.1039/d2ra03803j,Benzothiazole449,RSC - 4l.mol,https://pubs.rsc.org/en/content/articlelanding/2022/ra/d2ra03803j
RSC - 4m.mol,"AChE Inhibitors,  Alzheimer's disease",DOI: 10.1039/d2ra03803j,Benzothiazole450,RSC - 4m.mol,https://pubs.rsc.org/en/content/articlelanding/2022/ra/d2ra03803j
RSC - 4n.mol,"AChE Inhibitors,  Alzheimer's disease",DOI: 10.1039/d2ra03803j,Benzothiazole451,RSC - 4n.mol,https://pubs.rsc.org/en/content/articlelanding/2022/ra/d2ra03803j
